<?xml version='1.0' encoding='ISO-8859-1' ?>
<prodzona30><nombre>Levante-Cataluña</nombre><producto>
        <cod_prod xmlns="">1014</cod_prod>
        <denominacion xmlns="">HD Caviar Blue 500GB SATA3</denominacion>
    </producto><producto>
        <cod_prod xmlns="">1015</cod_prod>
        <denominacion xmlns="">Tarjeta gráfica Asus GeForce EN210 Silent 1GB</denominacion>
    </producto><producto>
        <cod_prod xmlns="">1017</cod_prod>
        <denominacion xmlns="">Tarjeta gráfica Nvidia Express 1GB</denominacion>
    </producto><producto>
        <cod_prod xmlns="">1022</cod_prod>
        <denominacion xmlns="">Placa Base ASRock G41M-S3 </denominacion>
    </producto></prodzona30>