<?xml version='1.0' encoding='ISO-8859-1' ?>
<prodzona10><nombre>Madrid-CENTRO</nombre><producto>
        <cod_prod xmlns="">1010</cod_prod>
        <denominacion xmlns="">Placa Base MSI G41M-P26</denominacion>
    </producto><producto>
        <cod_prod xmlns="">1011</cod_prod>
        <denominacion xmlns="">Micro Intel Core i5-2320</denominacion>
    </producto><producto>
        <cod_prod xmlns="">1019</cod_prod>
        <denominacion xmlns="">Memoria DDR3 G.Skill 2GB</denominacion>
    </producto><producto>
        <cod_prod xmlns="">1020</cod_prod>
        <denominacion xmlns="">Memoria DDR3 G.Skill 4GB</denominacion>
    </producto></prodzona10>