<?xml version='1.0' encoding='ISO-8859-1' ?>
<prodzona20><nombre>Extremadura-Galicia</nombre><producto>
        <cod_prod xmlns="">1012</cod_prod>
        <denominacion xmlns="">Micro Intel Core i5 2500</denominacion>
    </producto><producto>
        <cod_prod xmlns="">1013</cod_prod>
        <denominacion xmlns="">HD Seagate Barracuda 250GB SATA</denominacion>
    </producto><producto>
        <cod_prod xmlns="">1021</cod_prod>
        <denominacion xmlns="">Memoria DDR3 Kingston HyperX 4GB</denominacion>
    </producto></prodzona20>